,weight,weight_norm
ASG,0.97210348270157,0.976868951337095
EGL,0.0060296302101062,0.0060591888056275535
MMH,0.0033874360587204,0.003404042027714376
MAC,0.0033495666520926,0.003365986976787649
GOIL,0.0033365643120578,0.003352920896374662
AGA,0.0020884473149814,0.002098685350698371
HORDS,0.0013964583713322,0.0014033041225179747
SAMBA,0.0013754810468051,0.0013822239624554917
ACCESS,0.0011418872068053,0.0011474849932201939
DASPHARMA,0.0009127370862232,0.0009172115275088016
